username,password,email,phone_number
patr6,patr6,patr6@example.com,1654736946
mich2,mich2,mich2@mail.com,248538819
patr5,patr5,patr5@test.org,9747906761
lind3,lind3,lind3@mail.com,9177932863
jenn5,jenn5,jenn5@example.com,6962983020
will8,will8,will8@mail.com,7007875719
lind5,lind5,lind5@mail.com,2599418973
john0,john0,john0@example.com,5709966564
patr3,patr3,patr3@example.com,8880459624
will4,will4,will4@mail.com,5743898376
patr6,patr6,patr6@example.com,3781759296
will1,will1,will1@test.org,6013797271
mich7,mich7,mich7@test.org,2870797302
jenn3,jenn3,jenn3@test.org,1913592241
will6,will6,will6@mail.com,7272858191
patr2,patr2,patr2@mail.com,9498837516
patr5,patr5,patr5@mail.com,9313713275
mary2,mary2,mary2@example.com,5638279287
will9,will9,will9@mail.com,414034495
eliz3,eliz3,eliz3@mail.com,1669483668
lind3,lind3,lind3@mail.com,5350127344
patr2,patr2,patr2@test.org,8961177164
mich5,mich5,mich5@test.org,2198930574
robe9,robe9,robe9@mail.com,9916842518
jenn3,jenn3,jenn3@mail.com,6192339334
jenn0,jenn0,jenn0@test.org,6573083262
mich6,mich6,mich6@example.com,2996696302
john1,john1,john1@mail.com,6785697704
lind0,lind0,lind0@example.com,7884161981
eliz8,eliz8,eliz8@example.com,6254148878
eliz1,eliz1,eliz1@test.org,8710871693
will8,will8,will8@mail.com,2710511232
robe3,robe3,robe3@example.com,600463983
john2,john2,john2@mail.com,4018044219
eliz0,eliz0,eliz0@mail.com,3454504442
will0,will0,will0@example.com,1328520602
robe5,robe5,robe5@test.org,3418955152
patr5,patr5,patr5@mail.com,7362642116
jenn2,jenn2,jenn2@example.com,1811843091
jame7,jame7,jame7@test.org,4094323688
will0,will0,will0@mail.com,3469103210
will7,will7,will7@mail.com,8052887996
robe6,robe6,robe6@test.org,6828936172
robe9,robe9,robe9@mail.com,2476709583
mary7,mary7,mary7@mail.com,9466201551
will6,will6,will6@mail.com,5778559328
jenn1,jenn1,jenn1@mail.com,177354095
mich0,mich0,mich0@example.com,26111805
patr2,patr2,patr2@test.org,8003349360
patr4,patr4,patr4@mail.com,7828350099
patr5,patr5,patr5@mail.com,8998370151
john3,john3,john3@test.org,3370137474
jenn9,jenn9,jenn9@test.org,5305639681
robe1,robe1,robe1@example.com,7407093254
jame5,jame5,jame5@example.com,9359638299
mary8,mary8,mary8@test.org,7426389290
jenn3,jenn3,jenn3@mail.com,2988112701
mary8,mary8,mary8@mail.com,7786401008
will2,will2,will2@test.org,2302938307
jame9,jame9,jame9@example.com,2783226482
john8,john8,john8@test.org,8266915353
lind7,lind7,lind7@test.org,2743264891
mich0,mich0,mich0@mail.com,2678889844
eliz2,eliz2,eliz2@test.org,7793479369
john7,john7,john7@test.org,2173463998
will4,will4,will4@mail.com,829893664
lind4,lind4,lind4@test.org,1828719711
john9,john9,john9@example.com,5864090678
patr5,patr5,patr5@mail.com,7674331907
mary1,mary1,mary1@example.com,6151991263
patr0,patr0,patr0@test.org,6163217614
mary2,mary2,mary2@mail.com,4528268400
jenn8,jenn8,jenn8@test.org,1221604057
will4,will4,will4@mail.com,3893329154
lind1,lind1,lind1@test.org,4366722670
patr6,patr6,patr6@example.com,3342207059
mich8,mich8,mich8@example.com,7409251774
lind7,lind7,lind7@mail.com,700823999
will2,will2,will2@mail.com,5947662292
robe4,robe4,robe4@example.com,5041688673
jame5,jame5,jame5@test.org,8084331083
jenn0,jenn0,jenn0@example.com,4324387563
robe6,robe6,robe6@example.com,9061765749
robe2,robe2,robe2@example.com,918085711
lind8,lind8,lind8@mail.com,7793111937
will9,will9,will9@mail.com,484608568
lind3,lind3,lind3@test.org,215256148
robe2,robe2,robe2@mail.com,3328804594
mary3,mary3,mary3@test.org,3636912904
eliz9,eliz9,eliz9@example.com,7726661439
jenn9,jenn9,jenn9@example.com,8090325857
john8,john8,john8@mail.com,1926630517
mich9,mich9,mich9@mail.com,1019835573
lind3,lind3,lind3@example.com,9323826845
mich5,mich5,mich5@example.com,7093393173
jenn4,jenn4,jenn4@mail.com,8728859593
john8,john8,john8@example.com,6890580011
jame1,jame1,jame1@test.org,4605876582
lind5,lind5,lind5@example.com,512336588
jame3,jame3,jame3@test.org,9697988459
lind9,lind9,lind9@example.com,1892819541
will1,will1,will1@mail.com,845426289
jenn5,jenn5,jenn5@example.com,5955941646
robe6,robe6,robe6@test.org,8395405786
john2,john2,john2@mail.com,692241533
eliz1,eliz1,eliz1@example.com,3562904840
will3,will3,will3@example.com,6088097105
eliz8,eliz8,eliz8@test.org,3815370190
eliz3,eliz3,eliz3@mail.com,8951227883
jenn7,jenn7,jenn7@mail.com,3589847556
lind3,lind3,lind3@example.com,3685081226
eliz0,eliz0,eliz0@mail.com,8528333072
will6,will6,will6@example.com,4922842700
patr9,patr9,patr9@example.com,9258602733
patr8,patr8,patr8@mail.com,8283666554
robe0,robe0,robe0@test.org,6561715989
jame0,jame0,jame0@mail.com,7807946940
will5,will5,will5@test.org,947282293
patr8,patr8,patr8@test.org,2988142321
jenn4,jenn4,jenn4@mail.com,6304382805
jenn4,jenn4,jenn4@mail.com,7592475047
patr1,patr1,patr1@test.org,3195284488
mich8,mich8,mich8@mail.com,3853275917
mich0,mich0,mich0@test.org,5461018161
mary9,mary9,mary9@mail.com,5108151411
robe7,robe7,robe7@mail.com,8300275564
robe5,robe5,robe5@test.org,7838569322
lind7,lind7,lind7@test.org,7078479417
jenn8,jenn8,jenn8@example.com,4405558178
jenn2,jenn2,jenn2@mail.com,2052464323
john9,john9,john9@test.org,1184488830
patr1,patr1,patr1@example.com,881056472
patr5,patr5,patr5@example.com,7005850309
john1,john1,john1@example.com,5831862215
mary5,mary5,mary5@example.com,9017868820
jenn4,jenn4,jenn4@mail.com,9671287130
patr0,patr0,patr0@example.com,3612734120
will1,will1,will1@mail.com,4518494934
john7,john7,john7@mail.com,7394625460
will1,will1,will1@example.com,5260132331
patr6,patr6,patr6@test.org,5587363051
mich5,mich5,mich5@example.com,8923960082
robe3,robe3,robe3@test.org,9724309637
mary4,mary4,mary4@test.org,6271003526
patr3,patr3,patr3@test.org,9503473855
robe9,robe9,robe9@example.com,5692264804
lind1,lind1,lind1@mail.com,4221528386
jame0,jame0,jame0@mail.com,1170491240
will5,will5,will5@example.com,9827896331
eliz0,eliz0,eliz0@mail.com,937885033
eliz2,eliz2,eliz2@example.com,9094816988
patr5,patr5,patr5@test.org,9518225616
patr8,patr8,patr8@test.org,8611799184
eliz2,eliz2,eliz2@test.org,5359476619
jame9,jame9,jame9@example.com,5393198119
jame8,jame8,jame8@example.com,6786184757
jame6,jame6,jame6@test.org,839678695
jenn6,jenn6,jenn6@example.com,5132371902
will2,will2,will2@mail.com,6371607171
patr9,patr9,patr9@mail.com,6439020039
patr5,patr5,patr5@mail.com,1252133818
will0,will0,will0@mail.com,8154652653
eliz0,eliz0,eliz0@test.org,5230337896
lind8,lind8,lind8@test.org,3843961174
will7,will7,will7@test.org,6463641978
jenn7,jenn7,jenn7@test.org,871522714
mich8,mich8,mich8@mail.com,8240662007
jenn8,jenn8,jenn8@example.com,6062075024
jame9,jame9,jame9@example.com,8675932161
lind5,lind5,lind5@mail.com,7055503268
jenn8,jenn8,jenn8@test.org,8194071869
will5,will5,will5@mail.com,6853910077
robe7,robe7,robe7@mail.com,2654382243
jame5,jame5,jame5@test.org,7872003349
lind1,lind1,lind1@example.com,5301809376
jenn8,jenn8,jenn8@mail.com,5008540468
jame3,jame3,jame3@example.com,4344618271
jenn9,jenn9,jenn9@mail.com,7963501258
john5,john5,john5@test.org,3588455227
eliz4,eliz4,eliz4@example.com,441589124
mary4,mary4,mary4@example.com,5212820537
mary5,mary5,mary5@test.org,5017260359
eliz3,eliz3,eliz3@mail.com,8772351191
lind5,lind5,lind5@test.org,8207262090
jenn1,jenn1,jenn1@example.com,852595241
mary1,mary1,mary1@example.com,1292502352
robe6,robe6,robe6@mail.com,4912656583
eliz6,eliz6,eliz6@example.com,9503480567
mary7,mary7,mary7@example.com,7613358402
robe5,robe5,robe5@example.com,3968736863
patr5,patr5,patr5@example.com,5573972259
mary7,mary7,mary7@example.com,6429908874
john7,john7,john7@test.org,5618987689
mary7,mary7,mary7@mail.com,4160003681
patr3,patr3,patr3@test.org,2444220898
jenn5,jenn5,jenn5@example.com,7279656136
john2,john2,john2@example.com,7333833394
mich1,mich1,mich1@test.org,9261740653
will0,will0,will0@mail.com,4489983482
patr3,patr3,patr3@test.org,4758173410
john8,john8,john8@test.org,4944600886
eliz0,eliz0,eliz0@example.com,1948753837
john4,john4,john4@example.com,3168360393
patr6,patr6,patr6@mail.com,6147292466
jame6,jame6,jame6@test.org,3324177628
patr0,patr0,patr0@test.org,7733504958
eliz4,eliz4,eliz4@mail.com,9439018807
will5,will5,will5@example.com,604643290
mary4,mary4,mary4@example.com,7317469449
jenn3,jenn3,jenn3@example.com,6896301286
lind9,lind9,lind9@test.org,8833922953
jenn3,jenn3,jenn3@test.org,4621856400
will0,will0,will0@example.com,2091602631
mary9,mary9,mary9@example.com,8878810512
mary3,mary3,mary3@test.org,3248661513
jame1,jame1,jame1@mail.com,7975037282
will0,will0,will0@mail.com,8371526187
mary2,mary2,mary2@test.org,527210408
patr2,patr2,patr2@mail.com,3137179510
eliz2,eliz2,eliz2@mail.com,5576802630
lind4,lind4,lind4@mail.com,3919373489
robe5,robe5,robe5@example.com,7247166234
jame9,jame9,jame9@mail.com,7311500025
lind5,lind5,lind5@test.org,731367287
mich6,mich6,mich6@mail.com,7347863410
mary8,mary8,mary8@example.com,6149857775
mich9,mich9,mich9@test.org,525411709
will1,will1,will1@mail.com,4736198531
jame7,jame7,jame7@example.com,5102224852
patr2,patr2,patr2@example.com,4225578155
robe3,robe3,robe3@mail.com,6449746533
eliz2,eliz2,eliz2@example.com,122953885
mich2,mich2,mich2@example.com,785210523
jame1,jame1,jame1@test.org,4208232764
jame9,jame9,jame9@example.com,8809932873
eliz4,eliz4,eliz4@test.org,4041629346
patr5,patr5,patr5@example.com,7677559921
jenn0,jenn0,jenn0@example.com,5744545415
john2,john2,john2@test.org,9212057198
john9,john9,john9@mail.com,2906255469
lind8,lind8,lind8@test.org,1948293575
patr7,patr7,patr7@mail.com,4637345961
eliz1,eliz1,eliz1@mail.com,3776621629
jame9,jame9,jame9@test.org,5766987796
will4,will4,will4@example.com,9932673122
mich1,mich1,mich1@test.org,8307438741
will5,will5,will5@test.org,526851095
robe0,robe0,robe0@example.com,9873694644
lind8,lind8,lind8@mail.com,3927482370
mary2,mary2,mary2@mail.com,846960526
robe8,robe8,robe8@test.org,8597095891
jenn4,jenn4,jenn4@mail.com,7230051192
jame6,jame6,jame6@example.com,7048162821
john7,john7,john7@mail.com,7790270905
jenn3,jenn3,jenn3@test.org,2106172899
mary0,mary0,mary0@mail.com,3565866975
lind9,lind9,lind9@mail.com,5680539202
john6,john6,john6@mail.com,3408667221
robe4,robe4,robe4@mail.com,8585581228
mary7,mary7,mary7@mail.com,1840907734
mich0,mich0,mich0@test.org,7184239133
robe7,robe7,robe7@mail.com,6519013845
john4,john4,john4@test.org,9748514915
will3,will3,will3@example.com,1073403133
patr3,patr3,patr3@test.org,6948788001
robe2,robe2,robe2@test.org,2671232384
john6,john6,john6@example.com,1056952913
patr4,patr4,patr4@example.com,1509189671
robe4,robe4,robe4@test.org,5963948088
will2,will2,will2@mail.com,9676652104
mich3,mich3,mich3@test.org,342858561
robe8,robe8,robe8@example.com,6842887931
mary1,mary1,mary1@example.com,8256713508
john4,john4,john4@test.org,9580871030
patr4,patr4,patr4@example.com,8747684909
jame6,jame6,jame6@test.org,1605801142
john6,john6,john6@example.com,4841196637
mary2,mary2,mary2@mail.com,5272267529
jenn8,jenn8,jenn8@mail.com,8498504195
john6,john6,john6@example.com,995867393
robe4,robe4,robe4@example.com,8684040141
jame1,jame1,jame1@test.org,75450051
john7,john7,john7@mail.com,5524869100
patr0,patr0,patr0@mail.com,2116978541
mich8,mich8,mich8@example.com,2211692462
john9,john9,john9@test.org,6804682263
jame1,jame1,jame1@test.org,617455307
patr0,patr0,patr0@mail.com,1323714186
robe2,robe2,robe2@mail.com,1569471401
jame4,jame4,jame4@example.com,5682453128
robe6,robe6,robe6@example.com,5417931376
mary2,mary2,mary2@test.org,7071345800
john1,john1,john1@example.com,1735783227
mary7,mary7,mary7@mail.com,1819993011
patr9,patr9,patr9@example.com,4991946720
patr3,patr3,patr3@mail.com,2237355051
lind6,lind6,lind6@mail.com,1900171008
mich5,mich5,mich5@example.com,587582795
patr7,patr7,patr7@example.com,3315028582
patr9,patr9,patr9@test.org,9627520472
mich7,mich7,mich7@mail.com,1965795474
eliz9,eliz9,eliz9@mail.com,9210150328
robe1,robe1,robe1@test.org,3838979498
jenn1,jenn1,jenn1@example.com,6416946119
will6,will6,will6@example.com,8806165941
mich9,mich9,mich9@example.com,2218597860
robe4,robe4,robe4@mail.com,5209548034
mich0,mich0,mich0@test.org,7159946154
will6,will6,will6@example.com,661652808
jenn3,jenn3,jenn3@test.org,8180130963
jame3,jame3,jame3@test.org,4014159896
mary4,mary4,mary4@test.org,2971279878
jame0,jame0,jame0@test.org,5934558011
patr0,patr0,patr0@example.com,852487935
eliz1,eliz1,eliz1@mail.com,2911545273
mich6,mich6,mich6@example.com,5635873088
lind1,lind1,lind1@example.com,2108879775
robe2,robe2,robe2@example.com,7358668596
lind1,lind1,lind1@test.org,2131485441
eliz9,eliz9,eliz9@example.com,1548289901
robe9,robe9,robe9@test.org,7136789274
john8,john8,john8@test.org,5392779809
mich1,mich1,mich1@test.org,9585425051
patr4,patr4,patr4@mail.com,6150525694
mary0,mary0,mary0@example.com,9357247636
jenn7,jenn7,jenn7@mail.com,5279769999
robe5,robe5,robe5@test.org,4062087638
lind5,lind5,lind5@mail.com,6551727497
jenn7,jenn7,jenn7@example.com,9767802697
mary1,mary1,mary1@mail.com,5446517130
will5,will5,will5@mail.com,9483339369
eliz2,eliz2,eliz2@test.org,5815781316
mary7,mary7,mary7@mail.com,3845943458
eliz5,eliz5,eliz5@mail.com,911304071
robe9,robe9,robe9@mail.com,6959098450
eliz1,eliz1,eliz1@example.com,7449773863
jenn0,jenn0,jenn0@example.com,9586101741
will9,will9,will9@mail.com,4083532535
john2,john2,john2@mail.com,7028248107
robe8,robe8,robe8@test.org,6304406263
jenn8,jenn8,jenn8@example.com,8659252976
eliz1,eliz1,eliz1@test.org,4924663071
jenn3,jenn3,jenn3@example.com,9733376188
robe4,robe4,robe4@test.org,8095540496
jenn7,jenn7,jenn7@mail.com,853754471
robe5,robe5,robe5@example.com,5807973685
will6,will6,will6@mail.com,9471317044
mich6,mich6,mich6@example.com,9078085255
patr4,patr4,patr4@test.org,2970903922
eliz7,eliz7,eliz7@test.org,4378062232
john8,john8,john8@mail.com,913332094
patr8,patr8,patr8@mail.com,9497351158
patr2,patr2,patr2@test.org,4383458467
jame5,jame5,jame5@test.org,4577131463
will1,will1,will1@test.org,6160265045
lind2,lind2,lind2@mail.com,63944778
jame1,jame1,jame1@test.org,6822272546
eliz4,eliz4,eliz4@test.org,8783148273
will8,will8,will8@mail.com,3211182466
mich3,mich3,mich3@example.com,6422757896
will5,will5,will5@example.com,6520477028
will5,will5,will5@test.org,9609984373
jenn6,jenn6,jenn6@example.com,7957380554
mich5,mich5,mich5@mail.com,1180965108
will7,will7,will7@mail.com,7269038642
john9,john9,john9@mail.com,3527540319
eliz0,eliz0,eliz0@example.com,2594517332
lind1,lind1,lind1@example.com,9358816492
will5,will5,will5@example.com,8948510703
mich3,mich3,mich3@test.org,2043564781
eliz9,eliz9,eliz9@test.org,8819373617
eliz2,eliz2,eliz2@test.org,4048677494
will5,will5,will5@mail.com,7809310317
mich7,mich7,mich7@example.com,8221496596
john5,john5,john5@example.com,7827877678
will1,will1,will1@mail.com,815774243
patr2,patr2,patr2@example.com,9493177400
mich4,mich4,mich4@test.org,457660145
john8,john8,john8@example.com,1374195666
mich1,mich1,mich1@mail.com,2842608221
mich7,mich7,mich7@test.org,6262622924
mary4,mary4,mary4@example.com,3958442845
robe4,robe4,robe4@example.com,3381515492
mich2,mich2,mich2@mail.com,8842738308
will2,will2,will2@test.org,3149668512
eliz7,eliz7,eliz7@test.org,4733210221
patr6,patr6,patr6@example.com,3139179527
eliz8,eliz8,eliz8@mail.com,2122594947
robe5,robe5,robe5@test.org,9432239970
eliz3,eliz3,eliz3@mail.com,1030077357
robe6,robe6,robe6@test.org,4335034174
will5,will5,will5@test.org,5331799260
jame5,jame5,jame5@test.org,3300797906
patr1,patr1,patr1@mail.com,7140450488
eliz6,eliz6,eliz6@example.com,4639528739
john5,john5,john5@example.com,5056255861
will3,will3,will3@test.org,7607849635
john1,john1,john1@example.com,616225165
mich2,mich2,mich2@example.com,4345252078
jenn3,jenn3,jenn3@example.com,3287035892
jenn8,jenn8,jenn8@example.com,7774545221
will9,will9,will9@mail.com,7811126078
lind8,lind8,lind8@test.org,8733711559
mary3,mary3,mary3@test.org,1291495512
john3,john3,john3@mail.com,1705255343
eliz5,eliz5,eliz5@mail.com,1482936773
robe4,robe4,robe4@example.com,5709651911
jenn2,jenn2,jenn2@example.com,6655519682
mich8,mich8,mich8@mail.com,7982752326
lind2,lind2,lind2@example.com,8134631464
will6,will6,will6@mail.com,5136511261
eliz2,eliz2,eliz2@mail.com,5236066478
eliz2,eliz2,eliz2@test.org,9338583976
eliz9,eliz9,eliz9@example.com,1394569045
jame1,jame1,jame1@mail.com,9452136728
patr8,patr8,patr8@mail.com,9623104664
robe9,robe9,robe9@test.org,4069707288
robe7,robe7,robe7@test.org,4763934665
jenn8,jenn8,jenn8@test.org,8220844447
john2,john2,john2@mail.com,4866587365
will8,will8,will8@example.com,2919051178
jame0,jame0,jame0@mail.com,5322795291
jame7,jame7,jame7@test.org,5853658428
robe4,robe4,robe4@example.com,4476773081
mich6,mich6,mich6@test.org,1729117862
mich7,mich7,mich7@test.org,1348420724
will6,will6,will6@test.org,3896663427
patr5,patr5,patr5@example.com,6599134293
patr0,patr0,patr0@test.org,9809550684
will1,will1,will1@mail.com,9316602549
jenn9,jenn9,jenn9@example.com,9397734404
robe8,robe8,robe8@example.com,6711577477
will6,will6,will6@test.org,6449181332
robe4,robe4,robe4@test.org,7966578085
john2,john2,john2@mail.com,1796511443
jenn7,jenn7,jenn7@mail.com,3012440777
patr5,patr5,patr5@example.com,4253657619
mich7,mich7,mich7@test.org,7366056086
eliz8,eliz8,eliz8@example.com,5188705462
lind0,lind0,lind0@example.com,1083102365
mary6,mary6,mary6@test.org,5037367803
patr1,patr1,patr1@test.org,7112410945
mary9,mary9,mary9@example.com,1077577002
lind0,lind0,lind0@test.org,8888139714
mich9,mich9,mich9@mail.com,831492956
patr6,patr6,patr6@mail.com,1582866509
john8,john8,john8@mail.com,5417451900
will6,will6,will6@example.com,839213973
mich5,mich5,mich5@example.com,2843246533
john3,john3,john3@example.com,4780768096
jame2,jame2,jame2@example.com,3035306306
will5,will5,will5@test.org,1979502053
patr5,patr5,patr5@test.org,6776272828
john9,john9,john9@mail.com,8948968923
will0,will0,will0@test.org,2804408527
mich1,mich1,mich1@test.org,5113255137
mary2,mary2,mary2@mail.com,9678901235
will3,will3,will3@test.org,3046896095
jenn1,jenn1,jenn1@example.com,9994857749
eliz6,eliz6,eliz6@example.com,2056577695
lind1,lind1,lind1@example.com,9503206363
jame1,jame1,jame1@mail.com,5375533363
will4,will4,will4@test.org,8226588576
john9,john9,john9@example.com,2870337383
patr1,patr1,patr1@mail.com,5977891608
mary7,mary7,mary7@example.com,2987397236
eliz5,eliz5,eliz5@example.com,391679034
lind9,lind9,lind9@example.com,8891313362
jenn4,jenn4,jenn4@mail.com,353090515
mary8,mary8,mary8@example.com,5689054520
robe4,robe4,robe4@example.com,8507118990
jenn6,jenn6,jenn6@test.org,1023403881
jame8,jame8,jame8@mail.com,6913951812
eliz6,eliz6,eliz6@test.org,5255853046
mary4,mary4,mary4@test.org,2643121862
jame3,jame3,jame3@example.com,4709209075
robe5,robe5,robe5@example.com,3547464799
jame9,jame9,jame9@test.org,8296080739
eliz0,eliz0,eliz0@mail.com,7483754369
john3,john3,john3@mail.com,7743817587
jame5,jame5,jame5@test.org,296364821
mary8,mary8,mary8@example.com,2203673714
lind1,lind1,lind1@mail.com,7130124415
jame4,jame4,jame4@test.org,9832699455
mary9,mary9,mary9@example.com,8249127348
robe1,robe1,robe1@test.org,1062992674
will4,will4,will4@test.org,9990991516
patr4,patr4,patr4@example.com,6621792219
lind4,lind4,lind4@example.com,9241958195
eliz2,eliz2,eliz2@example.com,1312600475
mary8,mary8,mary8@test.org,4918862441
will8,will8,will8@mail.com,6567378499
eliz2,eliz2,eliz2@test.org,128305512
mary8,mary8,mary8@mail.com,4468376649
lind8,lind8,lind8@test.org,976685979
eliz9,eliz9,eliz9@example.com,4615809573
mary2,mary2,mary2@test.org,1477003603
mich9,mich9,mich9@mail.com,4754577119
will7,will7,will7@mail.com,4031038576
will5,will5,will5@test.org,442619827
john5,john5,john5@mail.com,9693483295
john2,john2,john2@test.org,8431451505
jame4,jame4,jame4@example.com,1239662023
jame9,jame9,jame9@mail.com,7545718285
eliz5,eliz5,eliz5@example.com,5277923028
john9,john9,john9@example.com,6767766859
patr7,patr7,patr7@mail.com,2827323521
jame9,jame9,jame9@example.com,3485843915
patr7,patr7,patr7@test.org,7627597475
lind1,lind1,lind1@test.org,5684483111
lind4,lind4,lind4@example.com,2692514066
mary1,mary1,mary1@mail.com,6241897648
lind0,lind0,lind0@mail.com,2487374714
patr8,patr8,patr8@test.org,6094111846
eliz4,eliz4,eliz4@test.org,5783356249
jame7,jame7,jame7@example.com,5488289225
mich0,mich0,mich0@test.org,6977527977
patr8,patr8,patr8@test.org,8353642703
patr1,patr1,patr1@example.com,8825718386
robe7,robe7,robe7@mail.com,6462424111
robe8,robe8,robe8@mail.com,2380352630
mich1,mich1,mich1@test.org,4290245208
eliz9,eliz9,eliz9@example.com,1204696201
mich0,mich0,mich0@mail.com,7212551584
eliz8,eliz8,eliz8@example.com,3973940822
eliz8,eliz8,eliz8@mail.com,7854059127
mary7,mary7,mary7@mail.com,6819500732
john6,john6,john6@mail.com,7142660008
mich9,mich9,mich9@test.org,622910616
john7,john7,john7@example.com,3230899906
patr8,patr8,patr8@test.org,6998782508
mary7,mary7,mary7@mail.com,5304911952
jenn9,jenn9,jenn9@example.com,315974085
eliz4,eliz4,eliz4@mail.com,6985720047
eliz9,eliz9,eliz9@mail.com,667147308
will0,will0,will0@example.com,7086139635
mary5,mary5,mary5@test.org,4089389442
eliz5,eliz5,eliz5@mail.com,4260406092
robe4,robe4,robe4@mail.com,9746304931
jame8,jame8,jame8@test.org,2381629450
mary2,mary2,mary2@example.com,194210608
jame9,jame9,jame9@mail.com,7781459958
robe0,robe0,robe0@test.org,1429534700
mich0,mich0,mich0@test.org,9396854680
jame0,jame0,jame0@mail.com,7197147942
eliz1,eliz1,eliz1@test.org,8045251569
jame6,jame6,jame6@test.org,9613890022
robe5,robe5,robe5@example.com,4077714315
john0,john0,john0@test.org,975753684
patr2,patr2,patr2@mail.com,6158198608
mary3,mary3,mary3@example.com,6227914309
mich5,mich5,mich5@example.com,1436331735
mary1,mary1,mary1@test.org,2590286593
robe9,robe9,robe9@test.org,1370121350
will4,will4,will4@test.org,5630434910
mich8,mich8,mich8@mail.com,6208005221
jenn2,jenn2,jenn2@mail.com,2165733122
jenn2,jenn2,jenn2@mail.com,8487516873
eliz9,eliz9,eliz9@example.com,4316801009
john8,john8,john8@mail.com,5378200683
patr6,patr6,patr6@mail.com,3602630483
lind3,lind3,lind3@mail.com,4762772032
eliz0,eliz0,eliz0@example.com,1822007521
eliz7,eliz7,eliz7@mail.com,7697330036
patr4,patr4,patr4@mail.com,20697709
lind8,lind8,lind8@mail.com,3597828323
lind4,lind4,lind4@test.org,9724287208
john0,john0,john0@mail.com,7618122873
mary0,mary0,mary0@test.org,8236452309
jame5,jame5,jame5@mail.com,6940996489
jame3,jame3,jame3@test.org,5569059829
patr9,patr9,patr9@example.com,651594243
eliz1,eliz1,eliz1@example.com,820480066
lind2,lind2,lind2@test.org,3870692393
will1,will1,will1@test.org,3355280852
eliz8,eliz8,eliz8@test.org,2995221441
jenn9,jenn9,jenn9@mail.com,1529340887
robe8,robe8,robe8@example.com,7235419544
mich9,mich9,mich9@mail.com,1070598894
jenn0,jenn0,jenn0@mail.com,7437224679
patr9,patr9,patr9@example.com,462747287
robe9,robe9,robe9@mail.com,1540995203
jame5,jame5,jame5@test.org,4096426530
lind1,lind1,lind1@example.com,857348731
will3,will3,will3@test.org,3565499794
eliz6,eliz6,eliz6@example.com,6077603180
john0,john0,john0@example.com,9729614005
will1,will1,will1@example.com,2259454194
will0,will0,will0@mail.com,527024071
lind8,lind8,lind8@test.org,1533749177
eliz0,eliz0,eliz0@example.com,5387846187
lind8,lind8,lind8@example.com,5942908080
mich2,mich2,mich2@test.org,449574327
robe2,robe2,robe2@example.com,1104693906
jenn9,jenn9,jenn9@mail.com,8732981667
jame0,jame0,jame0@mail.com,6343047304
will4,will4,will4@mail.com,1992152881
jenn4,jenn4,jenn4@example.com,8728233219
robe7,robe7,robe7@test.org,9706196365
patr8,patr8,patr8@mail.com,8513565538
john4,john4,john4@mail.com,348432898
patr6,patr6,patr6@mail.com,7925175575
john5,john5,john5@test.org,9601856844
jenn9,jenn9,jenn9@test.org,2507498507
eliz8,eliz8,eliz8@mail.com,3618189157
mary9,mary9,mary9@test.org,3271463610
jame5,jame5,jame5@test.org,412147054
robe4,robe4,robe4@mail.com,122930509
lind9,lind9,lind9@example.com,2473825561
lind8,lind8,lind8@mail.com,176218991
jenn1,jenn1,jenn1@example.com,4510336095
mary7,mary7,mary7@mail.com,4697339253
jame2,jame2,jame2@mail.com,6405625641
lind6,lind6,lind6@example.com,6992623200
lind2,lind2,lind2@mail.com,5321433740
jenn2,jenn2,jenn2@mail.com,2317915758
lind8,lind8,lind8@test.org,8299007770
mary0,mary0,mary0@test.org,2646194612
lind8,lind8,lind8@mail.com,3571799611
mary7,mary7,mary7@example.com,1777683460
mich0,mich0,mich0@example.com,5750179460
patr9,patr9,patr9@example.com,8171158643
will6,will6,will6@test.org,4838200885
mary2,mary2,mary2@mail.com,5469496074
jenn1,jenn1,jenn1@example.com,5637067029
john2,john2,john2@example.com,7620838167
lind1,lind1,lind1@example.com,8772519136
lind2,lind2,lind2@test.org,8405236188
will8,will8,will8@example.com,1677120276
mich8,mich8,mich8@mail.com,4014743825
robe5,robe5,robe5@example.com,3564118967
jenn5,jenn5,jenn5@test.org,9811371997
lind0,lind0,lind0@test.org,2429683184
eliz0,eliz0,eliz0@test.org,1772754337
patr3,patr3,patr3@example.com,5785575547
mich7,mich7,mich7@mail.com,2234102612
patr9,patr9,patr9@example.com,5877361455
jame1,jame1,jame1@example.com,7747882547
lind0,lind0,lind0@example.com,6910253099
mich4,mich4,mich4@mail.com,3141793169
lind3,lind3,lind3@example.com,1591943070
john4,john4,john4@example.com,7607599204
jenn2,jenn2,jenn2@mail.com,8084913808
john3,john3,john3@mail.com,7544254309
patr1,patr1,patr1@mail.com,2091381586
will7,will7,will7@mail.com,9967418016
patr5,patr5,patr5@mail.com,7148738573
mary7,mary7,mary7@mail.com,2875403490
john1,john1,john1@mail.com,3089658947
eliz5,eliz5,eliz5@test.org,2969425635
lind4,lind4,lind4@example.com,7567870405
mich3,mich3,mich3@example.com,3608680747
mich5,mich5,mich5@example.com,4405837681
john6,john6,john6@test.org,5730308615
john8,john8,john8@test.org,9672657083
eliz7,eliz7,eliz7@mail.com,1041828063
mich9,mich9,mich9@example.com,123815199
mich9,mich9,mich9@mail.com,743210421
mich5,mich5,mich5@test.org,8113624197
eliz7,eliz7,eliz7@example.com,2366411760
patr4,patr4,patr4@example.com,5383950831
will5,will5,will5@test.org,5498300855
robe9,robe9,robe9@test.org,2778849906
will7,will7,will7@test.org,4899224942
eliz9,eliz9,eliz9@example.com,8279902522
robe8,robe8,robe8@test.org,6822288881
robe8,robe8,robe8@mail.com,6960792042
patr0,patr0,patr0@mail.com,845348494
eliz7,eliz7,eliz7@example.com,2283719173
lind8,lind8,lind8@mail.com,9014918073
lind7,lind7,lind7@test.org,9340262671
will8,will8,will8@example.com,6457500240
robe3,robe3,robe3@test.org,9214131543
john5,john5,john5@mail.com,7490852551
mich4,mich4,mich4@example.com,4510071902
mary8,mary8,mary8@test.org,6968458070
john2,john2,john2@test.org,4973782002
jame3,jame3,jame3@example.com,7571866664
mary0,mary0,mary0@mail.com,5385033520
patr9,patr9,patr9@example.com,2725246961
robe1,robe1,robe1@test.org,9622363518
john7,john7,john7@example.com,9224174667
patr4,patr4,patr4@test.org,5279327255
patr2,patr2,patr2@mail.com,7975267266
jame5,jame5,jame5@mail.com,8392166311
jame3,jame3,jame3@test.org,3833790341
mich7,mich7,mich7@example.com,7190665775
robe6,robe6,robe6@test.org,7542077044
lind8,lind8,lind8@example.com,2625629086
mary4,mary4,mary4@mail.com,2203941654
jame7,jame7,jame7@mail.com,4076114650
mary0,mary0,mary0@mail.com,1902012586
mich3,mich3,mich3@mail.com,5316960244
jenn5,jenn5,jenn5@test.org,9734060076
mary0,mary0,mary0@mail.com,9925509770
will2,will2,will2@example.com,9315644349
patr8,patr8,patr8@test.org,4963943337
patr3,patr3,patr3@example.com,1924775270
lind5,lind5,lind5@mail.com,2818447593
eliz9,eliz9,eliz9@test.org,5457775360
jenn9,jenn9,jenn9@mail.com,4598697382
lind4,lind4,lind4@example.com,1123001562
eliz4,eliz4,eliz4@example.com,5461099377
mich1,mich1,mich1@test.org,493275087
robe7,robe7,robe7@example.com,6684178495
john3,john3,john3@test.org,8665176347
patr2,patr2,patr2@example.com,1573253389
jenn7,jenn7,jenn7@example.com,4856657735
mich8,mich8,mich8@mail.com,9971978678
will4,will4,will4@example.com,8604276690
robe2,robe2,robe2@mail.com,5477587396
will5,will5,will5@mail.com,917163341
mich4,mich4,mich4@test.org,4079930
jenn2,jenn2,jenn2@test.org,9328990197
robe5,robe5,robe5@test.org,5819844911
lind6,lind6,lind6@mail.com,5854523096
will9,will9,will9@mail.com,3737776925
john4,john4,john4@mail.com,2289172207
mich2,mich2,mich2@mail.com,4748078071
lind3,lind3,lind3@mail.com,6717927610
john0,john0,john0@mail.com,3957791663
john7,john7,john7@mail.com,3215749543
will1,will1,will1@mail.com,7675682572
will3,will3,will3@mail.com,2419577172
patr2,patr2,patr2@example.com,4288728807
mich7,mich7,mich7@test.org,3051873075
lind8,lind8,lind8@example.com,3253220569
patr4,patr4,patr4@example.com,4563443609
mich5,mich5,mich5@example.com,6024148252
jenn8,jenn8,jenn8@test.org,2894551187
mich0,mich0,mich0@example.com,5711498423
mich8,mich8,mich8@mail.com,9421736773
patr0,patr0,patr0@mail.com,8528224117
john7,john7,john7@mail.com,6638349506
jame5,jame5,jame5@mail.com,6925813247
john8,john8,john8@example.com,7717287681
will6,will6,will6@test.org,3487273808
jenn5,jenn5,jenn5@example.com,7248501846
mary8,mary8,mary8@example.com,2605877880
robe6,robe6,robe6@test.org,1177417265
lind3,lind3,lind3@example.com,3187459448
eliz6,eliz6,eliz6@mail.com,1242377939
jame3,jame3,jame3@test.org,9052935364
jame1,jame1,jame1@mail.com,4204396436
mich6,mich6,mich6@mail.com,8135180562
will6,will6,will6@mail.com,886801418
john9,john9,john9@example.com,2791499865
mary7,mary7,mary7@test.org,3577328965
jame9,jame9,jame9@example.com,9466388313
lind1,lind1,lind1@mail.com,2005873148
eliz7,eliz7,eliz7@example.com,466182424
jame1,jame1,jame1@example.com,6965090189
jenn6,jenn6,jenn6@test.org,3161880661
jame8,jame8,jame8@test.org,6350865959
john9,john9,john9@test.org,8101305541
jenn3,jenn3,jenn3@test.org,6377781429
jenn8,jenn8,jenn8@test.org,4597301194
will6,will6,will6@example.com,3487875709
will9,will9,will9@mail.com,9930818896
mary2,mary2,mary2@test.org,186610163
jame6,jame6,jame6@example.com,9077005870
mary6,mary6,mary6@test.org,8778366233
robe7,robe7,robe7@test.org,221384817
jame3,jame3,jame3@mail.com,7048647482
jenn9,jenn9,jenn9@mail.com,5200062785
jenn7,jenn7,jenn7@mail.com,4130677849
john0,john0,john0@example.com,222874004
patr9,patr9,patr9@mail.com,356745409
patr7,patr7,patr7@test.org,792870785
jame7,jame7,jame7@example.com,4926049775
lind0,lind0,lind0@example.com,9885511986
jenn8,jenn8,jenn8@test.org,1658133688
lind3,lind3,lind3@mail.com,8366704305
lind4,lind4,lind4@example.com,1608613830
will6,will6,will6@mail.com,7643063439
will1,will1,will1@test.org,5916272377
eliz8,eliz8,eliz8@example.com,4133480928
jame4,jame4,jame4@mail.com,5522020365
john4,john4,john4@test.org,482182066
mary1,mary1,mary1@test.org,5236923378
eliz6,eliz6,eliz6@mail.com,2273362371
robe9,robe9,robe9@test.org,7625455544
jame6,jame6,jame6@test.org,520721692
robe2,robe2,robe2@mail.com,3783440670
jenn8,jenn8,jenn8@mail.com,4647344865
jame8,jame8,jame8@mail.com,9711252173
jame5,jame5,jame5@test.org,9307806954
mary1,mary1,mary1@mail.com,8291244875
mary2,mary2,mary2@test.org,7890630262
robe1,robe1,robe1@test.org,1958772459
robe9,robe9,robe9@mail.com,9599685447
jenn9,jenn9,jenn9@example.com,6184183538
patr2,patr2,patr2@example.com,7098574869
jame6,jame6,jame6@mail.com,3042815615
patr5,patr5,patr5@mail.com,7691801871
robe0,robe0,robe0@test.org,8306939652
mary3,mary3,mary3@mail.com,8158476505
john1,john1,john1@test.org,3268330392
will7,will7,will7@mail.com,5317066412
john7,john7,john7@mail.com,8978186913
will8,will8,will8@mail.com,8749080005
robe5,robe5,robe5@example.com,417620545
eliz0,eliz0,eliz0@example.com,9508959807
robe6,robe6,robe6@mail.com,7919733718
mary2,mary2,mary2@test.org,952652121
lind9,lind9,lind9@example.com,2610768632
mich0,mich0,mich0@mail.com,6091839130
patr8,patr8,patr8@mail.com,837541479
will4,will4,will4@test.org,9823513691
jenn5,jenn5,jenn5@mail.com,6308352539
mary2,mary2,mary2@test.org,621010316
john2,john2,john2@test.org,9479258399
jenn8,jenn8,jenn8@test.org,3379528739
will7,will7,will7@example.com,9037302806
john9,john9,john9@example.com,8668313342
eliz3,eliz3,eliz3@test.org,770528025
eliz0,eliz0,eliz0@test.org,7536664025
mich1,mich1,mich1@example.com,1592001624
patr7,patr7,patr7@test.org,75163447
patr3,patr3,patr3@mail.com,1936731419
john3,john3,john3@mail.com,9400024946
patr2,patr2,patr2@example.com,5778627358
patr3,patr3,patr3@mail.com,9144093856
robe4,robe4,robe4@test.org,878451053
will2,will2,will2@test.org,8946320561
john1,john1,john1@example.com,9898913493
lind7,lind7,lind7@test.org,1940718017
mary7,mary7,mary7@mail.com,6858608305
patr7,patr7,patr7@example.com,7368235995
will2,will2,will2@test.org,9068086366
mary0,mary0,mary0@test.org,3920826917
robe7,robe7,robe7@example.com,6747140121
jenn7,jenn7,jenn7@mail.com,7348033457
robe8,robe8,robe8@mail.com,3678209512
mich7,mich7,mich7@example.com,8591973232
patr8,patr8,patr8@mail.com,1971403195
mich6,mich6,mich6@example.com,4627850200
robe0,robe0,robe0@test.org,9972940736
lind7,lind7,lind7@example.com,670475576
will0,will0,will0@example.com,6602389508
patr8,patr8,patr8@example.com,2513619856
jenn2,jenn2,jenn2@example.com,1399626152
patr5,patr5,patr5@mail.com,4496525190
jenn9,jenn9,jenn9@mail.com,7868664115
jenn2,jenn2,jenn2@test.org,3483199008
mich1,mich1,mich1@mail.com,4197046166
mary6,mary6,mary6@example.com,5407716750
patr6,patr6,patr6@test.org,8672199235
lind3,lind3,lind3@example.com,4546113497
lind5,lind5,lind5@mail.com,5778118564
patr7,patr7,patr7@mail.com,4141020457
jame3,jame3,jame3@mail.com,9110334431
jenn3,jenn3,jenn3@example.com,2402443263
patr9,patr9,patr9@test.org,337858963
eliz7,eliz7,eliz7@test.org,2485760918
mich9,mich9,mich9@example.com,7670665864
john5,john5,john5@mail.com,1193350715
jenn0,jenn0,jenn0@example.com,2487302063
jame3,jame3,jame3@test.org,6848892706
mary4,mary4,mary4@test.org,3536296
john6,john6,john6@mail.com,3425287652
robe8,robe8,robe8@test.org,2122168380
lind7,lind7,lind7@example.com,7568084971
robe4,robe4,robe4@example.com,5704784831
eliz3,eliz3,eliz3@mail.com,462961297
john9,john9,john9@example.com,6920008354
robe5,robe5,robe5@mail.com,2438452723
lind6,lind6,lind6@mail.com,7303403406
lind2,lind2,lind2@test.org,9775300257
mich0,mich0,mich0@mail.com,1033705748
patr7,patr7,patr7@mail.com,3703488192
jame3,jame3,jame3@mail.com,2279589618
lind8,lind8,lind8@mail.com,5023578884
lind5,lind5,lind5@mail.com,96509342
patr2,patr2,patr2@example.com,3964950796
mich0,mich0,mich0@mail.com,2200579384
patr7,patr7,patr7@mail.com,9429150324
jenn0,jenn0,jenn0@example.com,8077043661
robe1,robe1,robe1@test.org,2941484847
will5,will5,will5@example.com,8363297008
patr3,patr3,patr3@example.com,3003119786
jenn7,jenn7,jenn7@test.org,2189491810
eliz0,eliz0,eliz0@test.org,6177928890
mary4,mary4,mary4@mail.com,5722793826
jame4,jame4,jame4@example.com,2240147713
jenn1,jenn1,jenn1@example.com,8783878027
patr8,patr8,patr8@mail.com,7234873938
john5,john5,john5@example.com,9336392017
will4,will4,will4@test.org,3940193500
mary7,mary7,mary7@test.org,9237715945
robe6,robe6,robe6@mail.com,9590082238
jame0,jame0,jame0@mail.com,2066798354
robe6,robe6,robe6@example.com,7714581908
patr5,patr5,patr5@test.org,3006349971
jenn9,jenn9,jenn9@mail.com,262652687
robe5,robe5,robe5@example.com,8705593464
lind2,lind2,lind2@mail.com,2756055147
jame0,jame0,jame0@example.com,5967363834
will5,will5,will5@test.org,7983814808
mary3,mary3,mary3@test.org,6843311115
will1,will1,will1@test.org,1024692545
john5,john5,john5@mail.com,9968780584
robe9,robe9,robe9@test.org,3533841822
jame1,jame1,jame1@example.com,8982098160
jenn5,jenn5,jenn5@example.com,8123786278
lind2,lind2,lind2@test.org,6086002776
mary6,mary6,mary6@test.org,5162096579
mary8,mary8,mary8@example.com,7534263178
mich4,mich4,mich4@example.com,8351669513
will2,will2,will2@example.com,7666876526
eliz1,eliz1,eliz1@mail.com,4882735081
mich4,mich4,mich4@test.org,6119760043
will1,will1,will1@mail.com,8531623643
jenn4,jenn4,jenn4@mail.com,6054592074
mich1,mich1,mich1@test.org,5526990316
lind7,lind7,lind7@mail.com,5731339798
will5,will5,will5@test.org,9809558946
mich3,mich3,mich3@test.org,7024070691
jenn8,jenn8,jenn8@mail.com,2930453158
lind1,lind1,lind1@test.org,773829023
will2,will2,will2@mail.com,8254739606
lind0,lind0,lind0@mail.com,2270189649
eliz2,eliz2,eliz2@example.com,1613313680
jenn8,jenn8,jenn8@example.com,9315124854
robe9,robe9,robe9@test.org,2605724089
lind9,lind9,lind9@test.org,7537093160
john9,john9,john9@mail.com,2812271082
mary4,mary4,mary4@test.org,9628878466
jame5,jame5,jame5@mail.com,1653455083
mich3,mich3,mich3@example.com,3889130962
will0,will0,will0@test.org,466919435
lind9,lind9,lind9@example.com,8608793938
john2,john2,john2@example.com,2730188262
jame4,jame4,jame4@test.org,9391312744
mich5,mich5,mich5@example.com,526816574
jenn5,jenn5,jenn5@example.com,2464190162
robe9,robe9,robe9@test.org,7657995636
eliz0,eliz0,eliz0@mail.com,2702362576
patr0,patr0,patr0@mail.com,1516143607
patr2,patr2,patr2@example.com,3700365483
robe5,robe5,robe5@example.com,9223242115
mary7,mary7,mary7@test.org,5237075038
eliz7,eliz7,eliz7@example.com,150245139
jame5,jame5,jame5@test.org,6281160080
eliz5,eliz5,eliz5@test.org,2169805743
john5,john5,john5@example.com,2716499402
will7,will7,will7@example.com,2083593990
robe5,robe5,robe5@test.org,4492104431
mich6,mich6,mich6@example.com,5549930164
mary7,mary7,mary7@test.org,9820709212
mich8,mich8,mich8@example.com,2467428067
mary9,mary9,mary9@test.org,8839757878
eliz2,eliz2,eliz2@test.org,6925366037
lind3,lind3,lind3@mail.com,6457525726
john2,john2,john2@mail.com,8017955823
john1,john1,john1@mail.com,1473265647
john8,john8,john8@test.org,1937090847
jame0,jame0,jame0@mail.com,3249546474
eliz2,eliz2,eliz2@test.org,7094556086
john0,john0,john0@test.org,6677225951
patr0,patr0,patr0@example.com,1996673182
will4,will4,will4@test.org,8324919078
john0,john0,john0@example.com,4717255948
mich8,mich8,mich8@mail.com,4017782334
patr9,patr9,patr9@example.com,3230021207
john0,john0,john0@test.org,5680741905
will5,will5,will5@test.org,8109443406
mich0,mich0,mich0@test.org,823303490
jame1,jame1,jame1@mail.com,4652076433
will1,will1,will1@mail.com,9844976734
robe1,robe1,robe1@mail.com,8047504069
mich2,mich2,mich2@mail.com,8243063854
jenn8,jenn8,jenn8@example.com,3448675734
will1,will1,will1@test.org,1273557100
will1,will1,will1@example.com,411160792
jenn5,jenn5,jenn5@example.com,5136007025
lind8,lind8,lind8@example.com,2203924601
john2,john2,john2@example.com,9993941367
patr0,patr0,patr0@mail.com,1532182294
will0,will0,will0@test.org,1191482921
eliz5,eliz5,eliz5@test.org,2361164438
jenn3,jenn3,jenn3@test.org,9088973307
john6,john6,john6@example.com,1377923564
eliz9,eliz9,eliz9@example.com,9320232449
mich5,mich5,mich5@mail.com,4858781017
jenn7,jenn7,jenn7@example.com,7529583534
john0,john0,john0@mail.com,6819792635
robe4,robe4,robe4@test.org,2582780464
mary1,mary1,mary1@test.org,3186068207
eliz1,eliz1,eliz1@test.org,743734866
mich6,mich6,mich6@mail.com,8797226490
john1,john1,john1@mail.com,4001350605
jame9,jame9,jame9@mail.com,2611482040
robe7,robe7,robe7@test.org,8314789677
lind6,lind6,lind6@mail.com,6616988085
lind0,lind0,lind0@example.com,6144038620
lind6,lind6,lind6@test.org,6156710212
lind8,lind8,lind8@mail.com,9346190862
mary0,mary0,mary0@example.com,8888743058
lind3,lind3,lind3@example.com,1236669399
